-- MySQL dump 10.13  Distrib 5.7.44, for Linux (x86_64)
--
-- Host: localhost    Database: app_development
-- ------------------------------------------------------
-- Server version	5.7.44

/*!40101 SET @OLD_CHARACTER_SET_CLIENT=@@CHARACTER_SET_CLIENT */;
/*!40101 SET @OLD_CHARACTER_SET_RESULTS=@@CHARACTER_SET_RESULTS */;
/*!40101 SET @OLD_COLLATION_CONNECTION=@@COLLATION_CONNECTION */;
/*!40101 SET NAMES utf8 */;
/*!40103 SET @OLD_TIME_ZONE=@@TIME_ZONE */;
/*!40103 SET TIME_ZONE='+00:00' */;
/*!40014 SET @OLD_UNIQUE_CHECKS=@@UNIQUE_CHECKS, UNIQUE_CHECKS=0 */;
/*!40014 SET @OLD_FOREIGN_KEY_CHECKS=@@FOREIGN_KEY_CHECKS, FOREIGN_KEY_CHECKS=0 */;
/*!40101 SET @OLD_SQL_MODE=@@SQL_MODE, SQL_MODE='NO_AUTO_VALUE_ON_ZERO' */;
/*!40111 SET @OLD_SQL_NOTES=@@SQL_NOTES, SQL_NOTES=0 */;

--
-- Table structure for table `ar_internal_metadata`
--

DROP TABLE IF EXISTS `ar_internal_metadata`;
/*!40101 SET @saved_cs_client     = @@character_set_client */;
/*!40101 SET character_set_client = utf8 */;
CREATE TABLE `ar_internal_metadata` (
  `key` varchar(255) NOT NULL,
  `value` varchar(255) DEFAULT NULL,
  `created_at` datetime(6) NOT NULL,
  `updated_at` datetime(6) NOT NULL,
  PRIMARY KEY (`key`)
) ENGINE=InnoDB DEFAULT CHARSET=utf8mb4;
/*!40101 SET character_set_client = @saved_cs_client */;

--
-- Dumping data for table `ar_internal_metadata`
--

LOCK TABLES `ar_internal_metadata` WRITE;
/*!40000 ALTER TABLE `ar_internal_metadata` DISABLE KEYS */;
INSERT INTO `ar_internal_metadata` VALUES ('environment','development','2024-05-20 00:50:28.288542','2024-05-20 00:50:28.288542'),('schema_sha1','9223c38f069886594a5757d3e27e485b03f6e52d','2024-05-20 00:50:28.304522','2024-05-20 00:50:28.304522');
/*!40000 ALTER TABLE `ar_internal_metadata` ENABLE KEYS */;
UNLOCK TABLES;

--
-- Table structure for table `consume_items`
--

DROP TABLE IF EXISTS `consume_items`;
/*!40101 SET @saved_cs_client     = @@character_set_client */;
/*!40101 SET character_set_client = utf8 */;
CREATE TABLE `consume_items` (
  `id` bigint(20) NOT NULL AUTO_INCREMENT,
  `name` varchar(255) NOT NULL,
  `kind` int(11) NOT NULL,
  `created_at` datetime(6) NOT NULL,
  `updated_at` datetime(6) NOT NULL,
  PRIMARY KEY (`id`)
) ENGINE=InnoDB AUTO_INCREMENT=26 DEFAULT CHARSET=utf8mb4;
/*!40101 SET character_set_client = @saved_cs_client */;

--
-- Dumping data for table `consume_items`
--

LOCK TABLES `consume_items` WRITE;
/*!40000 ALTER TABLE `consume_items` DISABLE KEYS */;
INSERT INTO `consume_items` VALUES (1,'Tentacool',3,'2024-05-20 00:50:32.041375','2024-05-20 00:50:32.041375'),(2,'Nidoking',2,'2024-05-20 00:50:32.079720','2024-05-20 00:50:32.079720'),(3,'Rhydon',1,'2024-05-20 00:50:32.099317','2024-05-20 00:50:32.099317'),(4,'Slowpoke',1,'2024-05-20 00:50:32.118618','2024-05-20 00:50:32.118618'),(5,'Hypno',1,'2024-05-20 00:50:32.138631','2024-05-20 00:50:32.138631'),(6,'Gale Seed',3,'2024-05-20 00:50:32.304452','2024-05-20 00:50:32.304452'),(7,'Bow',1,'2024-05-20 00:50:32.323856','2024-05-20 00:50:32.323856'),(8,'Power Bracelet L-2',2,'2024-05-20 00:50:32.344968','2024-05-20 00:50:32.344968'),(9,'Arrows',3,'2024-05-20 00:50:32.366357','2024-05-20 00:50:32.366357'),(10,'Nice Sand Rod',2,'2024-05-20 00:50:32.385533','2024-05-20 00:50:32.385533'),(11,'Mark',3,'2024-05-20 00:50:32.533504','2024-05-20 00:50:32.533504'),(12,'Ghost',2,'2024-05-20 00:50:32.552287','2024-05-20 00:50:32.552287'),(13,'Cleanse',3,'2024-05-20 00:50:32.572184','2024-05-20 00:50:32.572184'),(14,'To the King!',1,'2024-05-20 00:50:32.590571','2024-05-20 00:50:32.590571'),(15,'Ghost',1,'2024-05-20 00:50:32.612683','2024-05-20 00:50:32.612683'),(16,'Riddikulus',3,'2024-05-20 00:50:32.764646','2024-05-20 00:50:32.764646'),(17,'Confundo',2,'2024-05-20 00:50:32.866394','2024-05-20 00:50:32.866394'),(18,'Confundo',3,'2024-05-20 00:50:32.887397','2024-05-20 00:50:32.887397'),(19,'Alohomora',2,'2024-05-20 00:50:32.906501','2024-05-20 00:50:32.906501'),(20,'Obliviate',2,'2024-05-20 00:50:32.924874','2024-05-20 00:50:32.924874'),(21,'Stilgar',3,'2024-05-20 00:50:33.070529','2024-05-20 00:50:33.070529'),(22,'Margot Fenring',3,'2024-05-20 00:50:33.090185','2024-05-20 00:50:33.090185'),(23,'Hasimir Fenring',3,'2024-05-20 00:50:33.109567','2024-05-20 00:50:33.109567'),(24,'Scytale',2,'2024-05-20 00:50:33.128032','2024-05-20 00:50:33.128032'),(25,'Hasimir Fenring',1,'2024-05-20 00:50:33.145979','2024-05-20 00:50:33.145979');
/*!40000 ALTER TABLE `consume_items` ENABLE KEYS */;
UNLOCK TABLES;

--
-- Table structure for table `item_group_lottery_machines`
--

DROP TABLE IF EXISTS `item_group_lottery_machines`;
/*!40101 SET @saved_cs_client     = @@character_set_client */;
/*!40101 SET character_set_client = utf8 */;
CREATE TABLE `item_group_lottery_machines` (
  `id` bigint(20) NOT NULL AUTO_INCREMENT,
  `item_group_id` bigint(20) NOT NULL,
  `item_quantity` int(11) NOT NULL,
  `item_type` varchar(255) NOT NULL,
  `item_id` bigint(20) NOT NULL,
  `weight` float NOT NULL,
  `created_at` datetime(6) NOT NULL,
  `updated_at` datetime(6) NOT NULL,
  PRIMARY KEY (`id`),
  KEY `index_item_group_lottery_machines_on_item_group_id` (`item_group_id`),
  KEY `index_item_group_lottery_machines_on_item_type_and_item_id` (`item_type`,`item_id`),
  CONSTRAINT `fk_rails_acd89c05c0` FOREIGN KEY (`item_group_id`) REFERENCES `item_groups` (`id`)
) ENGINE=InnoDB AUTO_INCREMENT=51 DEFAULT CHARSET=utf8mb4;
/*!40101 SET character_set_client = @saved_cs_client */;

--
-- Dumping data for table `item_group_lottery_machines`
--

LOCK TABLES `item_group_lottery_machines` WRITE;
/*!40000 ALTER TABLE `item_group_lottery_machines` DISABLE KEYS */;
INSERT INTO `item_group_lottery_machines` VALUES (1,11,5,'ConsumeItem',1,0.14,'2024-05-20 00:50:32.072656','2024-05-20 00:50:32.072656'),(2,11,1,'ConsumeItem',2,1,'2024-05-20 00:50:32.092427','2024-05-20 00:50:32.092427'),(3,11,1,'ConsumeItem',3,0.08,'2024-05-20 00:50:32.111952','2024-05-20 00:50:32.111952'),(4,11,5,'ConsumeItem',4,0.48,'2024-05-20 00:50:32.132584','2024-05-20 00:50:32.132584'),(5,11,1,'ConsumeItem',5,0.1,'2024-05-20 00:50:32.152251','2024-05-20 00:50:32.152251'),(6,12,1,'WeaponItem',1,0.77,'2024-05-20 00:50:32.195178','2024-05-20 00:50:32.195178'),(7,12,4,'WeaponItem',2,0.78,'2024-05-20 00:50:32.215710','2024-05-20 00:50:32.215710'),(8,12,1,'WeaponItem',3,0.75,'2024-05-20 00:50:32.235230','2024-05-20 00:50:32.235230'),(9,12,5,'WeaponItem',4,0.83,'2024-05-20 00:50:32.258331','2024-05-20 00:50:32.258331'),(10,12,2,'WeaponItem',5,0.84,'2024-05-20 00:50:32.281297','2024-05-20 00:50:32.281297'),(11,13,1,'ConsumeItem',6,0.59,'2024-05-20 00:50:32.317354','2024-05-20 00:50:32.317354'),(12,13,5,'ConsumeItem',7,0.03,'2024-05-20 00:50:32.338335','2024-05-20 00:50:32.338335'),(13,13,4,'ConsumeItem',8,0.31,'2024-05-20 00:50:32.359891','2024-05-20 00:50:32.359891'),(14,13,5,'ConsumeItem',9,0.24,'2024-05-20 00:50:32.378962','2024-05-20 00:50:32.378962'),(15,13,2,'ConsumeItem',10,0.25,'2024-05-20 00:50:32.397933','2024-05-20 00:50:32.397933'),(16,14,3,'WeaponItem',6,0.62,'2024-05-20 00:50:32.432953','2024-05-20 00:50:32.432953'),(17,14,1,'WeaponItem',7,0.71,'2024-05-20 00:50:32.453470','2024-05-20 00:50:32.453470'),(18,14,5,'WeaponItem',8,0.61,'2024-05-20 00:50:32.472672','2024-05-20 00:50:32.472672'),(19,14,5,'WeaponItem',9,0.7,'2024-05-20 00:50:32.490996','2024-05-20 00:50:32.490996'),(20,14,3,'WeaponItem',10,0.18,'2024-05-20 00:50:32.509654','2024-05-20 00:50:32.509654'),(21,15,5,'ConsumeItem',11,0.27,'2024-05-20 00:50:32.545724','2024-05-20 00:50:32.545724'),(22,15,5,'ConsumeItem',12,0.91,'2024-05-20 00:50:32.565209','2024-05-20 00:50:32.565209'),(23,15,1,'ConsumeItem',13,0.93,'2024-05-20 00:50:32.584314','2024-05-20 00:50:32.584314'),(24,15,3,'ConsumeItem',14,0.27,'2024-05-20 00:50:32.603511','2024-05-20 00:50:32.603511'),(25,15,2,'ConsumeItem',15,0.1,'2024-05-20 00:50:32.628112','2024-05-20 00:50:32.628112'),(26,16,1,'WeaponItem',11,0.69,'2024-05-20 00:50:32.663363','2024-05-20 00:50:32.663363'),(27,16,1,'WeaponItem',12,0.79,'2024-05-20 00:50:32.683880','2024-05-20 00:50:32.683880'),(28,16,3,'WeaponItem',13,0.69,'2024-05-20 00:50:32.702300','2024-05-20 00:50:32.702300'),(29,16,4,'WeaponItem',14,0.94,'2024-05-20 00:50:32.721969','2024-05-20 00:50:32.721969'),(30,16,2,'WeaponItem',15,0.24,'2024-05-20 00:50:32.742104','2024-05-20 00:50:32.742104'),(31,17,2,'ConsumeItem',16,0.13,'2024-05-20 00:50:32.778108','2024-05-20 00:50:32.778108'),(32,17,1,'ConsumeItem',17,0.41,'2024-05-20 00:50:32.880111','2024-05-20 00:50:32.880111'),(33,17,5,'ConsumeItem',18,0.47,'2024-05-20 00:50:32.900310','2024-05-20 00:50:32.900310'),(34,17,3,'ConsumeItem',19,0.42,'2024-05-20 00:50:32.918434','2024-05-20 00:50:32.918434'),(35,17,1,'ConsumeItem',20,0.61,'2024-05-20 00:50:32.936777','2024-05-20 00:50:32.936777'),(36,18,5,'WeaponItem',16,0.46,'2024-05-20 00:50:32.971657','2024-05-20 00:50:32.971657'),(37,18,2,'WeaponItem',17,0.4,'2024-05-20 00:50:32.990332','2024-05-20 00:50:32.990332'),(38,18,5,'WeaponItem',18,0.84,'2024-05-20 00:50:33.010064','2024-05-20 00:50:33.010064'),(39,18,5,'WeaponItem',19,0.95,'2024-05-20 00:50:33.028926','2024-05-20 00:50:33.028926'),(40,18,2,'WeaponItem',20,0.98,'2024-05-20 00:50:33.047843','2024-05-20 00:50:33.047843'),(41,19,1,'ConsumeItem',21,0.32,'2024-05-20 00:50:33.082812','2024-05-20 00:50:33.082812'),(42,19,2,'ConsumeItem',22,0.45,'2024-05-20 00:50:33.102814','2024-05-20 00:50:33.102814'),(43,19,4,'ConsumeItem',23,0.72,'2024-05-20 00:50:33.122017','2024-05-20 00:50:33.122017'),(44,19,3,'ConsumeItem',24,0.63,'2024-05-20 00:50:33.140020','2024-05-20 00:50:33.140020'),(45,19,1,'ConsumeItem',25,0.72,'2024-05-20 00:50:33.165672','2024-05-20 00:50:33.165672'),(46,20,2,'WeaponItem',21,0.69,'2024-05-20 00:50:33.200478','2024-05-20 00:50:33.200478'),(47,20,3,'WeaponItem',22,0.8,'2024-05-20 00:50:33.223856','2024-05-20 00:50:33.223856'),(48,20,1,'WeaponItem',23,0.09,'2024-05-20 00:50:33.241999','2024-05-20 00:50:33.241999'),(49,20,4,'WeaponItem',24,0.32,'2024-05-20 00:50:33.260870','2024-05-20 00:50:33.260870'),(50,20,5,'WeaponItem',25,0.83,'2024-05-20 00:50:33.281245','2024-05-20 00:50:33.281245');
/*!40000 ALTER TABLE `item_group_lottery_machines` ENABLE KEYS */;
UNLOCK TABLES;

--
-- Table structure for table `item_groups`
--

DROP TABLE IF EXISTS `item_groups`;
/*!40101 SET @saved_cs_client     = @@character_set_client */;
/*!40101 SET character_set_client = utf8 */;
CREATE TABLE `item_groups` (
  `id` bigint(20) NOT NULL AUTO_INCREMENT,
  `created_at` datetime(6) NOT NULL,
  `updated_at` datetime(6) NOT NULL,
  PRIMARY KEY (`id`)
) ENGINE=InnoDB AUTO_INCREMENT=21 DEFAULT CHARSET=utf8mb4;
/*!40101 SET character_set_client = @saved_cs_client */;

--
-- Dumping data for table `item_groups`
--

LOCK TABLES `item_groups` WRITE;
/*!40000 ALTER TABLE `item_groups` DISABLE KEYS */;
INSERT INTO `item_groups` VALUES (1,'2024-05-20 00:50:31.912343','2024-05-20 00:50:31.912343'),(2,'2024-05-20 00:50:31.920501','2024-05-20 00:50:31.920501'),(3,'2024-05-20 00:50:31.928775','2024-05-20 00:50:31.928775'),(4,'2024-05-20 00:50:31.935757','2024-05-20 00:50:31.935757'),(5,'2024-05-20 00:50:31.952695','2024-05-20 00:50:31.952695'),(6,'2024-05-20 00:50:31.960448','2024-05-20 00:50:31.960448'),(7,'2024-05-20 00:50:31.968012','2024-05-20 00:50:31.968012'),(8,'2024-05-20 00:50:31.975398','2024-05-20 00:50:31.975398'),(9,'2024-05-20 00:50:31.982641','2024-05-20 00:50:31.982641'),(10,'2024-05-20 00:50:31.990045','2024-05-20 00:50:31.990045'),(11,'2024-05-20 00:50:31.997447','2024-05-20 00:50:31.997447'),(12,'2024-05-20 00:50:32.158270','2024-05-20 00:50:32.158270'),(13,'2024-05-20 00:50:32.288153','2024-05-20 00:50:32.288153'),(14,'2024-05-20 00:50:32.403961','2024-05-20 00:50:32.403961'),(15,'2024-05-20 00:50:32.516885','2024-05-20 00:50:32.516885'),(16,'2024-05-20 00:50:32.634763','2024-05-20 00:50:32.634763'),(17,'2024-05-20 00:50:32.748654','2024-05-20 00:50:32.748654'),(18,'2024-05-20 00:50:32.942824','2024-05-20 00:50:32.942824'),(19,'2024-05-20 00:50:33.054402','2024-05-20 00:50:33.054402'),(20,'2024-05-20 00:50:33.171958','2024-05-20 00:50:33.171958');
/*!40000 ALTER TABLE `item_groups` ENABLE KEYS */;
UNLOCK TABLES;

--
-- Table structure for table `received_items`
--

DROP TABLE IF EXISTS `received_items`;
/*!40101 SET @saved_cs_client     = @@character_set_client */;
/*!40101 SET character_set_client = utf8 */;
CREATE TABLE `received_items` (
  `id` bigint(20) NOT NULL AUTO_INCREMENT,
  `user_id` bigint(20) NOT NULL,
  `item_type` varchar(255) NOT NULL,
  `item_id` bigint(20) NOT NULL,
  `created_at` datetime(6) NOT NULL,
  `updated_at` datetime(6) NOT NULL,
  PRIMARY KEY (`id`),
  KEY `index_received_items_on_item_type_and_item_id` (`item_type`,`item_id`),
  KEY `index_received_items_on_user_id` (`user_id`),
  CONSTRAINT `fk_rails_92d829d9cc` FOREIGN KEY (`user_id`) REFERENCES `users` (`id`)
) ENGINE=InnoDB AUTO_INCREMENT=129 DEFAULT CHARSET=utf8mb4;
/*!40101 SET character_set_client = @saved_cs_client */;

--
-- Dumping data for table `received_items`
--

LOCK TABLES `received_items` WRITE;
/*!40000 ALTER TABLE `received_items` DISABLE KEYS */;
INSERT INTO `received_items` VALUES (1,10,'ConsumeItem',2,'2024-05-20 00:57:44.568737','2024-05-20 00:57:44.568737'),(2,10,'ConsumeItem',4,'2024-05-20 00:57:44.606354','2024-05-20 00:57:44.606354'),(3,10,'ConsumeItem',2,'2024-05-20 00:57:47.351048','2024-05-20 00:57:47.351048'),(4,10,'ConsumeItem',4,'2024-05-20 00:57:47.367624','2024-05-20 00:57:47.367624'),(5,10,'ConsumeItem',2,'2024-05-20 00:57:48.195922','2024-05-20 00:57:48.195922'),(6,10,'ConsumeItem',1,'2024-05-20 00:57:48.967047','2024-05-20 00:57:48.967047'),(7,10,'ConsumeItem',2,'2024-05-20 00:57:48.984854','2024-05-20 00:57:48.984854'),(8,10,'ConsumeItem',4,'2024-05-20 00:57:49.001064','2024-05-20 00:57:49.001064'),(9,10,'WeaponItem',22,'2024-05-20 00:58:08.056761','2024-05-20 00:58:08.056761'),(10,10,'WeaponItem',24,'2024-05-20 00:58:08.072254','2024-05-20 00:58:08.072254'),(11,10,'WeaponItem',25,'2024-05-20 00:58:08.090126','2024-05-20 00:58:08.090126'),(12,10,'WeaponItem',21,'2024-05-20 00:58:09.678689','2024-05-20 00:58:09.678689'),(13,10,'WeaponItem',22,'2024-05-20 00:58:09.697140','2024-05-20 00:58:09.697140'),(14,10,'WeaponItem',25,'2024-05-20 00:58:09.714391','2024-05-20 00:58:09.714391'),(15,10,'WeaponItem',21,'2024-05-20 00:58:10.889993','2024-05-20 00:58:10.889993'),(16,10,'WeaponItem',25,'2024-05-20 00:58:10.909145','2024-05-20 00:58:10.909145'),(17,10,'WeaponItem',21,'2024-05-20 00:58:12.113621','2024-05-20 00:58:12.113621'),(18,10,'WeaponItem',22,'2024-05-20 00:58:12.131350','2024-05-20 00:58:12.131350'),(19,10,'WeaponItem',24,'2024-05-20 00:58:12.149817','2024-05-20 00:58:12.149817'),(20,10,'WeaponItem',25,'2024-05-20 00:58:12.167352','2024-05-20 00:58:12.167352'),(21,10,'ConsumeItem',8,'2024-05-20 00:58:20.764321','2024-05-20 00:58:20.764321'),(22,10,'ConsumeItem',6,'2024-05-20 00:58:22.148490','2024-05-20 00:58:22.148490'),(23,10,'ConsumeItem',9,'2024-05-20 00:58:22.169310','2024-05-20 00:58:22.169310'),(24,10,'ConsumeItem',6,'2024-05-20 00:58:23.819576','2024-05-20 00:58:23.819576'),(25,10,'ConsumeItem',9,'2024-05-20 00:58:23.834306','2024-05-20 00:58:23.834306'),(26,10,'ConsumeItem',10,'2024-05-20 00:58:23.851754','2024-05-20 00:58:23.851754'),(27,10,'ConsumeItem',6,'2024-05-20 00:58:25.479410','2024-05-20 00:58:25.479410'),(28,10,'ConsumeItem',10,'2024-05-20 00:58:25.495841','2024-05-20 00:58:25.495841'),(29,10,'ConsumeItem',8,'2024-05-20 00:58:27.474539','2024-05-20 00:58:27.474539'),(30,10,'ConsumeItem',6,'2024-05-20 00:58:28.374467','2024-05-20 00:58:28.374467'),(31,10,'ConsumeItem',10,'2024-05-20 00:58:28.423160','2024-05-20 00:58:28.423160'),(32,10,'ConsumeItem',6,'2024-05-20 00:58:29.162854','2024-05-20 00:58:29.162854'),(33,10,'ConsumeItem',8,'2024-05-20 00:58:30.691605','2024-05-20 00:58:30.691605'),(34,10,'ConsumeItem',11,'2024-05-20 00:58:49.963827','2024-05-20 00:58:49.963827'),(35,10,'ConsumeItem',12,'2024-05-20 00:58:49.981610','2024-05-20 00:58:49.981610'),(36,10,'ConsumeItem',13,'2024-05-20 00:58:49.998428','2024-05-20 00:58:49.998428'),(37,10,'ConsumeItem',12,'2024-05-20 00:58:52.798521','2024-05-20 00:58:52.798521'),(38,10,'ConsumeItem',13,'2024-05-20 00:58:52.815410','2024-05-20 00:58:52.815410'),(39,10,'ConsumeItem',14,'2024-05-20 00:58:52.832006','2024-05-20 00:58:52.832006'),(40,10,'ConsumeItem',15,'2024-05-20 00:58:52.848361','2024-05-20 00:58:52.848361'),(41,10,'ConsumeItem',12,'2024-05-20 00:58:55.155720','2024-05-20 00:58:55.155720'),(42,10,'ConsumeItem',13,'2024-05-20 00:58:55.171502','2024-05-20 00:58:55.171502'),(43,10,'ConsumeItem',12,'2024-05-20 00:58:56.944057','2024-05-20 00:58:56.944057'),(44,10,'ConsumeItem',11,'2024-05-20 00:58:58.585415','2024-05-20 00:58:58.585415'),(45,10,'ConsumeItem',12,'2024-05-20 00:58:58.607389','2024-05-20 00:58:58.607389'),(46,10,'ConsumeItem',13,'2024-05-20 00:58:58.626528','2024-05-20 00:58:58.626528'),(47,10,'ConsumeItem',14,'2024-05-20 00:58:58.645629','2024-05-20 00:58:58.645629'),(48,10,'ConsumeItem',12,'2024-05-20 00:59:06.747937','2024-05-20 00:59:06.747937'),(49,10,'ConsumeItem',13,'2024-05-20 00:59:06.767055','2024-05-20 00:59:06.767055'),(50,10,'ConsumeItem',14,'2024-05-20 00:59:06.783097','2024-05-20 00:59:06.783097'),(51,10,'ConsumeItem',12,'2024-05-20 00:59:07.573514','2024-05-20 00:59:07.573514'),(52,10,'ConsumeItem',13,'2024-05-20 00:59:07.590444','2024-05-20 00:59:07.590444'),(53,10,'ConsumeItem',14,'2024-05-20 00:59:07.606994','2024-05-20 00:59:07.606994'),(54,10,'ConsumeItem',12,'2024-05-20 00:59:08.427810','2024-05-20 00:59:08.427810'),(55,10,'ConsumeItem',13,'2024-05-20 00:59:08.449352','2024-05-20 00:59:08.449352'),(56,10,'ConsumeItem',12,'2024-05-20 00:59:09.277422','2024-05-20 00:59:09.277422'),(57,10,'ConsumeItem',13,'2024-05-20 00:59:09.294093','2024-05-20 00:59:09.294093'),(58,10,'ConsumeItem',14,'2024-05-20 00:59:09.309295','2024-05-20 00:59:09.309295'),(59,10,'ConsumeItem',18,'2024-05-20 00:59:13.215631','2024-05-20 00:59:13.215631'),(60,10,'ConsumeItem',18,'2024-05-20 00:59:14.920310','2024-05-20 00:59:14.920310'),(61,10,'ConsumeItem',19,'2024-05-20 00:59:14.937190','2024-05-20 00:59:14.937190'),(62,10,'ConsumeItem',20,'2024-05-20 00:59:14.952731','2024-05-20 00:59:14.952731'),(63,10,'ConsumeItem',19,'2024-05-20 00:59:22.614592','2024-05-20 00:59:22.614592'),(64,10,'ConsumeItem',20,'2024-05-20 00:59:22.639529','2024-05-20 00:59:22.639529'),(65,10,'ConsumeItem',17,'2024-05-20 00:59:24.137726','2024-05-20 00:59:24.137726'),(66,10,'ConsumeItem',20,'2024-05-20 00:59:24.154416','2024-05-20 00:59:24.154416'),(67,10,'ConsumeItem',18,'2024-05-20 00:59:27.240753','2024-05-20 00:59:27.240753'),(68,10,'ConsumeItem',19,'2024-05-20 00:59:27.256796','2024-05-20 00:59:27.256796'),(69,10,'ConsumeItem',20,'2024-05-20 00:59:27.274206','2024-05-20 00:59:27.274206'),(70,10,'ConsumeItem',17,'2024-05-20 00:59:28.908048','2024-05-20 00:59:28.908048'),(71,10,'ConsumeItem',18,'2024-05-20 00:59:28.925868','2024-05-20 00:59:28.925868'),(72,10,'ConsumeItem',16,'2024-05-20 00:59:34.442133','2024-05-20 00:59:34.442133'),(73,10,'ConsumeItem',17,'2024-05-20 00:59:34.459564','2024-05-20 00:59:34.459564'),(74,10,'ConsumeItem',18,'2024-05-20 00:59:35.851862','2024-05-20 00:59:35.851862'),(75,10,'ConsumeItem',19,'2024-05-20 00:59:39.431917','2024-05-20 00:59:39.431917'),(76,10,'ConsumeItem',20,'2024-05-20 00:59:39.449401','2024-05-20 00:59:39.449401'),(77,10,'ConsumeItem',22,'2024-05-20 00:59:44.559963','2024-05-20 00:59:44.559963'),(78,10,'ConsumeItem',25,'2024-05-20 00:59:44.576290','2024-05-20 00:59:44.576290'),(79,10,'ConsumeItem',21,'2024-05-20 00:59:47.521031','2024-05-20 00:59:47.521031'),(80,10,'ConsumeItem',23,'2024-05-20 00:59:47.538139','2024-05-20 00:59:47.538139'),(81,10,'ConsumeItem',25,'2024-05-20 00:59:47.553362','2024-05-20 00:59:47.553362'),(82,10,'ConsumeItem',22,'2024-05-20 00:59:48.972966','2024-05-20 00:59:48.972966'),(83,10,'ConsumeItem',24,'2024-05-20 00:59:48.990099','2024-05-20 00:59:48.990099'),(84,10,'ConsumeItem',25,'2024-05-20 00:59:49.005085','2024-05-20 00:59:49.005085'),(85,10,'ConsumeItem',22,'2024-05-20 00:59:50.185337','2024-05-20 00:59:50.185337'),(86,10,'ConsumeItem',23,'2024-05-20 00:59:50.202406','2024-05-20 00:59:50.202406'),(87,10,'ConsumeItem',21,'2024-05-20 00:59:56.665200','2024-05-20 00:59:56.665200'),(88,10,'ConsumeItem',22,'2024-05-20 00:59:56.684266','2024-05-20 00:59:56.684266'),(89,10,'ConsumeItem',25,'2024-05-20 00:59:56.700012','2024-05-20 00:59:56.700012'),(90,10,'ConsumeItem',24,'2024-05-20 00:59:57.961283','2024-05-20 00:59:57.961283'),(91,10,'ConsumeItem',22,'2024-05-20 00:59:59.434197','2024-05-20 00:59:59.434197'),(92,10,'ConsumeItem',23,'2024-05-20 00:59:59.449970','2024-05-20 00:59:59.449970'),(93,10,'ConsumeItem',24,'2024-05-20 00:59:59.465900','2024-05-20 00:59:59.465900'),(94,10,'ConsumeItem',21,'2024-05-20 01:00:00.659842','2024-05-20 01:00:00.659842'),(95,10,'ConsumeItem',23,'2024-05-20 01:00:00.675757','2024-05-20 01:00:00.675757'),(96,10,'ConsumeItem',24,'2024-05-20 01:00:00.691435','2024-05-20 01:00:00.691435'),(97,10,'ConsumeItem',25,'2024-05-20 01:00:00.708650','2024-05-20 01:00:00.708650'),(98,10,'WeaponItem',16,'2024-05-20 01:00:08.069649','2024-05-20 01:00:08.069649'),(99,10,'WeaponItem',18,'2024-05-20 01:00:08.086758','2024-05-20 01:00:08.086758'),(100,10,'WeaponItem',19,'2024-05-20 01:00:08.102991','2024-05-20 01:00:08.102991'),(101,10,'WeaponItem',20,'2024-05-20 01:00:08.117690','2024-05-20 01:00:08.117690'),(102,10,'WeaponItem',16,'2024-05-20 01:00:10.588849','2024-05-20 01:00:10.588849'),(103,10,'WeaponItem',17,'2024-05-20 01:00:10.606225','2024-05-20 01:00:10.606225'),(104,10,'WeaponItem',18,'2024-05-20 01:00:10.628819','2024-05-20 01:00:10.628819'),(105,10,'WeaponItem',19,'2024-05-20 01:00:10.648090','2024-05-20 01:00:10.648090'),(106,10,'WeaponItem',20,'2024-05-20 01:00:10.665744','2024-05-20 01:00:10.665744'),(107,10,'WeaponItem',17,'2024-05-20 01:00:12.562906','2024-05-20 01:00:12.562906'),(108,10,'WeaponItem',18,'2024-05-20 01:00:12.581506','2024-05-20 01:00:12.581506'),(109,10,'WeaponItem',19,'2024-05-20 01:00:12.612090','2024-05-20 01:00:12.612090'),(110,10,'WeaponItem',20,'2024-05-20 01:00:12.652256','2024-05-20 01:00:12.652256'),(111,10,'WeaponItem',16,'2024-05-20 01:00:13.514497','2024-05-20 01:00:13.514497'),(112,10,'WeaponItem',17,'2024-05-20 01:00:13.538830','2024-05-20 01:00:13.538830'),(113,10,'WeaponItem',18,'2024-05-20 01:00:13.556220','2024-05-20 01:00:13.556220'),(114,10,'WeaponItem',19,'2024-05-20 01:00:13.574102','2024-05-20 01:00:13.574102'),(115,10,'WeaponItem',20,'2024-05-20 01:00:13.592424','2024-05-20 01:00:13.592424'),(116,10,'WeaponItem',18,'2024-05-20 01:00:14.724431','2024-05-20 01:00:14.724431'),(117,10,'WeaponItem',19,'2024-05-20 01:00:14.739926','2024-05-20 01:00:14.739926'),(118,10,'WeaponItem',20,'2024-05-20 01:00:14.756109','2024-05-20 01:00:14.756109'),(119,10,'WeaponItem',18,'2024-05-20 01:00:16.122426','2024-05-20 01:00:16.122426'),(120,10,'WeaponItem',19,'2024-05-20 01:00:16.138717','2024-05-20 01:00:16.138717'),(121,10,'WeaponItem',20,'2024-05-20 01:00:16.154073','2024-05-20 01:00:16.154073'),(122,10,'WeaponItem',18,'2024-05-20 01:00:17.205623','2024-05-20 01:00:17.205623'),(123,10,'WeaponItem',19,'2024-05-20 01:00:17.221499','2024-05-20 01:00:17.221499'),(124,10,'WeaponItem',20,'2024-05-20 01:00:17.240672','2024-05-20 01:00:17.240672'),(125,10,'WeaponItem',16,'2024-05-20 01:00:18.742999','2024-05-20 01:00:18.742999'),(126,10,'WeaponItem',18,'2024-05-20 01:00:18.758897','2024-05-20 01:00:18.758897'),(127,10,'WeaponItem',19,'2024-05-20 01:00:18.775400','2024-05-20 01:00:18.775400'),(128,10,'WeaponItem',20,'2024-05-20 01:00:18.789712','2024-05-20 01:00:18.789712');
/*!40000 ALTER TABLE `received_items` ENABLE KEYS */;
UNLOCK TABLES;

--
-- Table structure for table `schema_migrations`
--

DROP TABLE IF EXISTS `schema_migrations`;
/*!40101 SET @saved_cs_client     = @@character_set_client */;
/*!40101 SET character_set_client = utf8 */;
CREATE TABLE `schema_migrations` (
  `version` varchar(255) NOT NULL,
  PRIMARY KEY (`version`)
) ENGINE=InnoDB DEFAULT CHARSET=utf8mb4;
/*!40101 SET character_set_client = @saved_cs_client */;

--
-- Dumping data for table `schema_migrations`
--

LOCK TABLES `schema_migrations` WRITE;
/*!40000 ALTER TABLE `schema_migrations` DISABLE KEYS */;
INSERT INTO `schema_migrations` VALUES ('20240518141305'),('20240519102930'),('20240519103252'),('20240519104028'),('20240519104244'),('20240519104314'),('20240519164842');
/*!40000 ALTER TABLE `schema_migrations` ENABLE KEYS */;
UNLOCK TABLES;

--
-- Table structure for table `treasure_boxes`
--

DROP TABLE IF EXISTS `treasure_boxes`;
/*!40101 SET @saved_cs_client     = @@character_set_client */;
/*!40101 SET character_set_client = utf8 */;
CREATE TABLE `treasure_boxes` (
  `id` bigint(20) NOT NULL AUTO_INCREMENT,
  `item_group_id` bigint(20) NOT NULL,
  `created_at` datetime(6) NOT NULL,
  `updated_at` datetime(6) NOT NULL,
  PRIMARY KEY (`id`),
  KEY `index_treasure_boxes_on_item_group_id` (`item_group_id`),
  CONSTRAINT `fk_rails_e08faa4fa2` FOREIGN KEY (`item_group_id`) REFERENCES `item_groups` (`id`)
) ENGINE=InnoDB AUTO_INCREMENT=11 DEFAULT CHARSET=utf8mb4;
/*!40101 SET character_set_client = @saved_cs_client */;

--
-- Dumping data for table `treasure_boxes`
--

LOCK TABLES `treasure_boxes` WRITE;
/*!40000 ALTER TABLE `treasure_boxes` DISABLE KEYS */;
INSERT INTO `treasure_boxes` VALUES (1,11,'2024-05-20 00:50:32.023606','2024-05-20 00:50:32.023606'),(2,12,'2024-05-20 00:50:32.166992','2024-05-20 00:50:32.166992'),(3,13,'2024-05-20 00:50:32.296405','2024-05-20 00:50:32.296405'),(4,14,'2024-05-20 00:50:32.412331','2024-05-20 00:50:32.412331'),(5,15,'2024-05-20 00:50:32.524454','2024-05-20 00:50:32.524454'),(6,16,'2024-05-20 00:50:32.643038','2024-05-20 00:50:32.643038'),(7,17,'2024-05-20 00:50:32.756780','2024-05-20 00:50:32.756780'),(8,18,'2024-05-20 00:50:32.950748','2024-05-20 00:50:32.950748'),(9,19,'2024-05-20 00:50:33.062675','2024-05-20 00:50:33.062675'),(10,20,'2024-05-20 00:50:33.180272','2024-05-20 00:50:33.180272');
/*!40000 ALTER TABLE `treasure_boxes` ENABLE KEYS */;
UNLOCK TABLES;

--
-- Table structure for table `users`
--

DROP TABLE IF EXISTS `users`;
/*!40101 SET @saved_cs_client     = @@character_set_client */;
/*!40101 SET character_set_client = utf8 */;
CREATE TABLE `users` (
  `id` bigint(20) NOT NULL AUTO_INCREMENT,
  `name` varchar(255) DEFAULT NULL,
  `email` varchar(255) DEFAULT NULL,
  `encrypted_password` varchar(255) DEFAULT NULL,
  `created_at` datetime(6) NOT NULL,
  `updated_at` datetime(6) NOT NULL,
  PRIMARY KEY (`id`)
) ENGINE=InnoDB AUTO_INCREMENT=11 DEFAULT CHARSET=utf8mb4;
/*!40101 SET character_set_client = @saved_cs_client */;

--
-- Dumping data for table `users`
--

LOCK TABLES `users` WRITE;
/*!40000 ALTER TABLE `users` DISABLE KEYS */;
INSERT INTO `users` VALUES (1,'Pinkie Brakus','hollis@streich-hermiston.example','$2a$12$A4xzURRQPvKHhkPSaqQ5zO5Oa0z.PYXN1ibc4v0odF3.J1njFN89K','2024-05-20 00:50:29.745344','2024-05-20 00:50:29.745344'),(2,'Dorinda Runolfsson','elliot@haley.test','$2a$12$Qv4LmY98Fb1ZgqSWVdRSSeqdE9WqQNeprzbSK5nZe2gxmca8g6F4m','2024-05-20 00:50:29.981726','2024-05-20 00:50:29.981726'),(3,'Rep. Francisco Muller','sharen@hayes.example','$2a$12$GPHcMb8Y8Um3iz6Y7JpLwuxjtfiuQcw9U.2FqYuBQSx6rK14yxxyC','2024-05-20 00:50:30.219395','2024-05-20 00:50:30.219395'),(4,'Jaime Rice','becky@hintz.test','$2a$12$nIWPig2mhhw80OTFQgX73OKPbLn6j1f0JdKYKMkobPbY9Eiz5BIZ.','2024-05-20 00:50:30.458693','2024-05-20 00:50:30.458693'),(5,'Rev. Homer Beatty','andrew@beer.test','$2a$12$7nWQHlsBKHhdzID8B1DpNe9JwSlrkkoLwnaVaqLSc4QcpJJDFGMS6','2024-05-20 00:50:30.693488','2024-05-20 00:50:30.693488'),(6,'Rodrick Ziemann','sylvester.monahan@mayert-kihn.test','$2a$12$Wx2RZ3pai5ANW2SIsVHCje6UyWGfk.2LCun/loUsUG2ogXvcW/RHm','2024-05-20 00:50:30.928803','2024-05-20 00:50:30.928803'),(7,'Mr. Laurence Hettinger','selma@leuschke.example','$2a$12$d3mnkCylOyKKN/LGesCFTe4.DFtbhL1ZVBX5cv0FVzS5yhe24LzBa','2024-05-20 00:50:31.168346','2024-05-20 00:50:31.168346'),(8,'Bertha Hintz','felix@gottlieb.test','$2a$12$V8HOlU9F7D6/wLOdCwqNje5XQQEkxue4yqb6vK.oEpbB.c53vZutq','2024-05-20 00:50:31.425997','2024-05-20 00:50:31.425997'),(9,'Ammie O\'Reilly IV','johna_bayer@mertz.example','$2a$12$amjU/IC79zi1fDKtF2dJjuVOrokBSW9cI7ew/OdL/PBasWky97xVG','2024-05-20 00:50:31.662223','2024-05-20 00:50:31.662223'),(10,'Rep. Sterling Johns','daniele_boehm@batz.test','$2a$12$OJLmpgBQS3l7BKsCK5IwmuorT/CQvm/G1fzzNfuv4o8gGAynQLPEa','2024-05-20 00:50:31.899731','2024-05-20 00:50:31.899731');
/*!40000 ALTER TABLE `users` ENABLE KEYS */;
UNLOCK TABLES;

--
-- Table structure for table `weapon_items`
--

DROP TABLE IF EXISTS `weapon_items`;
/*!40101 SET @saved_cs_client     = @@character_set_client */;
/*!40101 SET character_set_client = utf8 */;
CREATE TABLE `weapon_items` (
  `id` bigint(20) NOT NULL AUTO_INCREMENT,
  `name` varchar(255) NOT NULL,
  `kind` int(11) NOT NULL,
  `created_at` datetime(6) NOT NULL,
  `updated_at` datetime(6) NOT NULL,
  PRIMARY KEY (`id`)
) ENGINE=InnoDB AUTO_INCREMENT=26 DEFAULT CHARSET=utf8mb4;
/*!40101 SET character_set_client = @saved_cs_client */;

--
-- Dumping data for table `weapon_items`
--

LOCK TABLES `weapon_items` WRITE;
/*!40000 ALTER TABLE `weapon_items` DISABLE KEYS */;
INSERT INTO `weapon_items` VALUES (1,'Ebony Bow',1,'2024-05-20 00:50:32.181428','2024-05-20 00:50:32.181428'),(2,'Tsun\'s Battleaxe',1,'2024-05-20 00:50:32.201788','2024-05-20 00:50:32.201788'),(3,'Windshear',3,'2024-05-20 00:50:32.222038','2024-05-20 00:50:32.222038'),(4,'Nord Hero Bow',3,'2024-05-20 00:50:32.242311','2024-05-20 00:50:32.242311'),(5,'Nord Hero Battle Axe',2,'2024-05-20 00:50:32.265311','2024-05-20 00:50:32.265311'),(6,'Aqua Affinity',3,'2024-05-20 00:50:32.420592','2024-05-20 00:50:32.420592'),(7,'Sweeping Edge',2,'2024-05-20 00:50:32.439644','2024-05-20 00:50:32.439644'),(8,'Sweeping Edge',2,'2024-05-20 00:50:32.459931','2024-05-20 00:50:32.459931'),(9,'Fire Aspect',2,'2024-05-20 00:50:32.479189','2024-05-20 00:50:32.479189'),(10,'Sweeping Edge',1,'2024-05-20 00:50:32.497588','2024-05-20 00:50:32.497588'),(11,'V-Wing Fighter',1,'2024-05-20 00:50:32.651153','2024-05-20 00:50:32.651153'),(12,'Resistance Ski Speeder',3,'2024-05-20 00:50:32.670832','2024-05-20 00:50:32.670832'),(13,'Trade Federation Battleship',1,'2024-05-20 00:50:32.690560','2024-05-20 00:50:32.690560'),(14,'U-Wing',1,'2024-05-20 00:50:32.708797','2024-05-20 00:50:32.708797'),(15,'Trade Federation Battleship',1,'2024-05-20 00:50:32.728014','2024-05-20 00:50:32.728014'),(16,'Apple',2,'2024-05-20 00:50:32.959324','2024-05-20 00:50:32.959324'),(17,'Wheat Seeds',1,'2024-05-20 00:50:32.978358','2024-05-20 00:50:32.978358'),(18,'Fishing Rod',1,'2024-05-20 00:50:32.996777','2024-05-20 00:50:32.996777'),(19,'Minecart with Furnace',1,'2024-05-20 00:50:33.016663','2024-05-20 00:50:33.016663'),(20,'Bow',2,'2024-05-20 00:50:33.035712','2024-05-20 00:50:33.035712'),(21,'Ahri',3,'2024-05-20 00:50:33.188312','2024-05-20 00:50:33.188312'),(22,'Soraka',1,'2024-05-20 00:50:33.207835','2024-05-20 00:50:33.207835'),(23,'Karma',1,'2024-05-20 00:50:33.229979','2024-05-20 00:50:33.229979'),(24,'Zac',2,'2024-05-20 00:50:33.248541','2024-05-20 00:50:33.248541'),(25,'Jarvan IV',1,'2024-05-20 00:50:33.267571','2024-05-20 00:50:33.267571');
/*!40000 ALTER TABLE `weapon_items` ENABLE KEYS */;
UNLOCK TABLES;
/*!40103 SET TIME_ZONE=@OLD_TIME_ZONE */;

/*!40101 SET SQL_MODE=@OLD_SQL_MODE */;
/*!40014 SET FOREIGN_KEY_CHECKS=@OLD_FOREIGN_KEY_CHECKS */;
/*!40014 SET UNIQUE_CHECKS=@OLD_UNIQUE_CHECKS */;
/*!40101 SET CHARACTER_SET_CLIENT=@OLD_CHARACTER_SET_CLIENT */;
/*!40101 SET CHARACTER_SET_RESULTS=@OLD_CHARACTER_SET_RESULTS */;
/*!40101 SET COLLATION_CONNECTION=@OLD_COLLATION_CONNECTION */;
/*!40111 SET SQL_NOTES=@OLD_SQL_NOTES */;

-- Dump completed on 2024-05-20 10:01:40
